<?xml version="1.0" encoding="UTF-8"?>
<project-private xmlns="http://www.netbeans.org/ns/project-private/1">
    <editor-bookmarks xmlns="http://www.netbeans.org/ns/editor-bookmarks/2" lastBookmarkId="0"/>
    <open-files xmlns="http://www.netbeans.org/ns/projectui-open-files/2">
        <group>
            <file>file:/D:/FPT.SE/5.Summer2024.Semester5/SWP391/Project/Backup/SWP391_Project/SWP391_Project/src/java/controller/admin/ViewEmployeeDetailsServlet.java</file>
            <file>file:/D:/FPT.SE/5.Summer2024.Semester5/SWP391/Project/Backup/SWP391_Project/SWP391_Project/web/view/examination/ExamminationResult.jsp</file>
            <file>file:/D:/FPT.SE/5.Summer2024.Semester5/SWP391/Project/Backup/SWP391_Project/SWP391_Project/src/java/controller/admin/EditPatientController.java</file>
            <file>file:/D:/FPT.SE/5.Summer2024.Semester5/SWP391/Project/Backup/SWP391_Project/SWP391_Project/web/WEB-INF/web.xml</file>
            <file>file:/D:/FPT.SE/5.Summer2024.Semester5/SWP391/Project/Backup/SWP391_Project/SWP391_Project/web/view/employee/admin/addService.jsp</file>
            <file>file:/D:/FPT.SE/5.Summer2024.Semester5/SWP391/Project/Backup/SWP391_Project/SWP391_Project/src/java/controller/admin/EditServiceController.java</file>
            <file>file:/D:/FPT.SE/5.Summer2024.Semester5/SWP391/Project/Backup/SWP391_Project/SWP391_Project/src/java/dao/ServiceDB.java</file>
            <file>file:/D:/FPT.SE/5.Summer2024.Semester5/SWP391/Project/Backup/SWP391_Project/SWP391_Project/web/view/patient/bookAppointment.jsp</file>
            <file>file:/D:/FPT.SE/5.Summer2024.Semester5/SWP391/Project/Backup/SWP391_Project/SWP391_Project/src/java/controller/admin/ViewServiceDetailController.java</file>
            <file>file:/D:/FPT.SE/5.Summer2024.Semester5/SWP391/Project/Backup/SWP391_Project/SWP391_Project/web/viewServiceDetail.jsp</file>
            <file>file:/D:/FPT.SE/5.Summer2024.Semester5/SWP391/Project/Backup/SWP391_Project/SWP391_Project/web/view/employee/admin/viewAppointmentHistoryAdmin.jsp</file>
            <file>file:/D:/FPT.SE/5.Summer2024.Semester5/SWP391/Project/Backup/SWP391_Project/SWP391_Project/web/view/examination/EditExaminationResult.jsp</file>
            <file>file:/D:/FPT.SE/5.Summer2024.Semester5/SWP391/Project/Backup/SWP391_Project/SWP391_Project/web/view/employee/admin/viewProfilePatient.jsp</file>
            <file>file:/D:/FPT.SE/5.Summer2024.Semester5/SWP391/Project/Backup/SWP391_Project/SWP391_Project/src/java/controller/admin/ViewServiceController.java</file>
            <file>file:/D:/FPT.SE/5.Summer2024.Semester5/SWP391/Project/Backup/SWP391_Project/SWP391_Project/src/java/controller/examination/SearchExaminationResult.java</file>
            <file>file:/D:/FPT.SE/5.Summer2024.Semester5/SWP391/Project/Backup/SWP391_Project/SWP391_Project/src/java/controller/admin/EditAppointmentAdminController.java</file>
            <file>file:/D:/FPT.SE/5.Summer2024.Semester5/SWP391/Project/Backup/SWP391_Project/SWP391_Project/src/java/model/ProcedureCodes.java</file>
            <file>file:/D:/FPT.SE/5.Summer2024.Semester5/SWP391/Project/Backup/SWP391_Project/SWP391_Project/web/index.jsp</file>
            <file>file:/D:/FPT.SE/5.Summer2024.Semester5/SWP391/Project/Backup/SWP391_Project/SWP391_Project/src/java/controller/admin/SearchEmployeeServlet.java</file>
            <file>file:/D:/FPT.SE/5.Summer2024.Semester5/SWP391/Project/Backup/SWP391_Project/SWP391_Project/src/java/controller/admin/AddServiceController.java</file>
            <file>file:/D:/FPT.SE/5.Summer2024.Semester5/SWP391/Project/Backup/SWP391_Project/SWP391_Project/web/view/employee/admin/addPatient.jsp</file>
            <file>file:/D:/FPT.SE/5.Summer2024.Semester5/SWP391/Project/Backup/SWP391_Project/SWP391_Project/web/view/employee/admin/viewListPatient.jsp</file>
            <file>file:/D:/FPT.SE/5.Summer2024.Semester5/SWP391/Project/Backup/SWP391_Project/SWP391_Project/src/java/controller/examination/ViewExaminationResult.java</file>
            <file>file:/D:/FPT.SE/5.Summer2024.Semester5/SWP391/Project/Backup/SWP391_Project/SWP391_Project/src/java/controller/examination/SubmitExaminationResult.java</file>
            <file>file:/D:/FPT.SE/5.Summer2024.Semester5/SWP391/Project/Backup/SWP391_Project/SWP391_Project/web/view/employee/admin/viewProfileAdmin.jsp</file>
            <file>file:/D:/FPT.SE/5.Summer2024.Semester5/SWP391/Project/Backup/SWP391_Project/SWP391_Project/web/view/patient/viewProfilePatient.jsp</file>
            <file>file:/D:/FPT.SE/5.Summer2024.Semester5/SWP391/Project/Backup/SWP391_Project/SWP391_Project/web/editservice.jsp</file>
            <file>file:/D:/FPT.SE/5.Summer2024.Semester5/SWP391/Project/Backup/SWP391_Project/SWP391_Project/src/java/controller/ChangePasswordServlet.java</file>
            <file>file:/D:/FPT.SE/5.Summer2024.Semester5/SWP391/Project/Backup/SWP391_Project/SWP391_Project/src/java/dao/PatientDAO.java</file>
            <file>file:/D:/FPT.SE/5.Summer2024.Semester5/SWP391/Project/Backup/SWP391_Project/SWP391_Project/src/java/dal/DBContext.java</file>
            <file>file:/D:/FPT.SE/5.Summer2024.Semester5/SWP391/Project/Backup/SWP391_Project/SWP391_Project/web/viewPatientDetail.jsp</file>
            <file>file:/D:/FPT.SE/5.Summer2024.Semester5/SWP391/Project/Backup/SWP391_Project/SWP391_Project/web/view/payment/vnpay_ipn.jsp</file>
            <file>file:/D:/FPT.SE/5.Summer2024.Semester5/SWP391/Project/Backup/SWP391_Project/SWP391_Project/src/java/controller/authen/NewPasswordController.java</file>
            <file>file:/D:/FPT.SE/5.Summer2024.Semester5/SWP391/Project/Backup/SWP391_Project/SWP391_Project/src/java/controller/patient/ConfirmEditSlotController.java</file>
            <file>file:/D:/FPT.SE/5.Summer2024.Semester5/SWP391/Project/Backup/SWP391_Project/SWP391_Project/src/java/dao/DBEmployeeProfile.java</file>
            <file>file:/D:/FPT.SE/5.Summer2024.Semester5/SWP391/Project/Backup/SWP391_Project/SWP391_Project/src/java/controller/authen/ForgotPasswordController.java</file>
            <file>file:/D:/FPT.SE/5.Summer2024.Semester5/SWP391/Project/Backup/SWP391_Project/SWP391_Project/src/java/controller/admin/UpdateEmployeeAdmin.java</file>
            <file>file:/D:/FPT.SE/5.Summer2024.Semester5/SWP391/Project/Backup/SWP391_Project/SWP391_Project/src/java/controller/patient/EditAppointmentController.java</file>
            <file>file:/D:/FPT.SE/5.Summer2024.Semester5/SWP391/Project/Backup/SWP391_Project/SWP391_Project/web/view/employee/admin/viewServiceDetail.jsp</file>
            <file>file:/D:/FPT.SE/5.Summer2024.Semester5/SWP391/Project/Backup/SWP391_Project/SWP391_Project/src/java/model/User.java</file>
            <file>file:/D:/FPT.SE/5.Summer2024.Semester5/SWP391/Project/Backup/SWP391_Project/SWP391_Project/src/java/controller/authen/ConfirmPassword.java</file>
            <file>file:/D:/FPT.SE/5.Summer2024.Semester5/SWP391/Project/Backup/SWP391_Project/SWP391_Project/web/view/patient/viewAppointmentHistory.jsp</file>
            <file>file:/D:/FPT.SE/5.Summer2024.Semester5/SWP391/Project/Backup/SWP391_Project/SWP391_Project/src/java/controller/LoginServlet.java</file>
            <file>file:/D:/FPT.SE/5.Summer2024.Semester5/SWP391/Project/Backup/SWP391_Project/SWP391_Project/src/java/controller/admin/CancelAppoitnemtEmployeeController.java</file>
            <file>file:/D:/FPT.SE/5.Summer2024.Semester5/SWP391/Project/Backup/SWP391_Project/SWP391_Project/src/java/controller/patient/ViewProfilePatientController.java</file>
            <file>file:/D:/FPT.SE/5.Summer2024.Semester5/SWP391/Project/Backup/SWP391_Project/SWP391_Project/src/java/dao/EmployeeDAO.java</file>
            <file>file:/D:/FPT.SE/5.Summer2024.Semester5/SWP391/Project/Backup/SWP391_Project/SWP391_Project/src/java/controller/authen/RegisterController.java</file>
            <file>file:/D:/FPT.SE/5.Summer2024.Semester5/SWP391/Project/Backup/SWP391_Project/SWP391_Project/src/java/controller/patient/ConfirmSlotController.java</file>
            <file>file:/D:/FPT.SE/5.Summer2024.Semester5/SWP391/Project/Backup/SWP391_Project/SWP391_Project/src/java/controller/patient/EditProfilePatientController.java</file>
            <file>file:/D:/FPT.SE/5.Summer2024.Semester5/SWP391/Project/Backup/SWP391_Project/SWP391_Project/src/java/controller/employee/ViewProfileEmployeeController.java</file>
            <file>file:/D:/FPT.SE/5.Summer2024.Semester5/SWP391/Project/Backup/SWP391_Project/SWP391_Project/src/java/controller/admin/ViewPatientDetailController.java</file>
            <file>file:/D:/FPT.SE/5.Summer2024.Semester5/SWP391/Project/Backup/SWP391_Project/SWP391_Project/src/java/controller/examination/AddExaminationResult.java</file>
            <file>file:/D:/FPT.SE/5.Summer2024.Semester5/SWP391/Project/Backup/SWP391_Project/SWP391_Project/src/java/controller/payment/PaymentController.java</file>
            <file>file:/D:/FPT.SE/5.Summer2024.Semester5/SWP391/Project/Backup/SWP391_Project/SWP391_Project/src/java/controller/employee/EditProfileEmployeeController.java</file>
            <file>file:/D:/FPT.SE/5.Summer2024.Semester5/SWP391/Project/Backup/SWP391_Project/SWP391_Project/web/viewService.jsp</file>
            <file>file:/D:/FPT.SE/5.Summer2024.Semester5/SWP391/Project/Backup/SWP391_Project/SWP391_Project/web/view/employee/admin/editPatientDetail.jsp</file>
            <file>file:/D:/FPT.SE/5.Summer2024.Semester5/SWP391/Project/Backup/SWP391_Project/SWP391_Project/src/java/controller/authen/ConfirmEmailForgotPwController.java</file>
            <file>file:/D:/FPT.SE/5.Summer2024.Semester5/SWP391/Project/Backup/SWP391_Project/SWP391_Project/web/service.jsp</file>
            <file>file:/D:/FPT.SE/5.Summer2024.Semester5/SWP391/Project/Backup/SWP391_Project/SWP391_Project/web/viewListPatientAdmin.jsp</file>
            <file>file:/D:/FPT.SE/5.Summer2024.Semester5/SWP391/Project/Backup/SWP391_Project/SWP391_Project/src/java/model/Representative.java</file>
            <file>file:/D:/FPT.SE/5.Summer2024.Semester5/SWP391/Project/Backup/SWP391_Project/SWP391_Project/src/java/controller/patient/BookingAppointmentController.java</file>
            <file>file:/D:/FPT.SE/5.Summer2024.Semester5/SWP391/Project/Backup/SWP391_Project/SWP391_Project/web/about.jsp</file>
            <file>file:/D:/FPT.SE/5.Summer2024.Semester5/SWP391/Project/Backup/SWP391_Project/SWP391_Project/web/view/employee/doctor/viewAppointmentHistoryDoctor.jsp</file>
            <file>file:/D:/FPT.SE/5.Summer2024.Semester5/SWP391/Project/Backup/SWP391_Project/SWP391_Project/src/java/Service/IAccountDAO.java</file>
            <file>file:/D:/FPT.SE/5.Summer2024.Semester5/SWP391/Project/Backup/SWP391_Project/SWP391_Project/src/java/controller/admin/ConfirmEditSlotAdminController.java</file>
            <file>file:/D:/FPT.SE/5.Summer2024.Semester5/SWP391/Project/Backup/SWP391_Project/SWP391_Project/src/java/dao/AccountDAO.java</file>
            <file>file:/D:/FPT.SE/5.Summer2024.Semester5/SWP391/Project/Backup/SWP391_Project/SWP391_Project/src/java/model/Employees.java</file>
            <file>file:/D:/FPT.SE/5.Summer2024.Semester5/SWP391/Project/Backup/SWP391_Project/SWP391_Project/src/java/controller/admin/ApproveAppointment.java</file>
            <file>file:/D:/FPT.SE/5.Summer2024.Semester5/SWP391/Project/Backup/SWP391_Project/SWP391_Project/web/login.jsp</file>
            <file>file:/D:/FPT.SE/5.Summer2024.Semester5/SWP391/Project/Backup/SWP391_Project/SWP391_Project/web/view/employee/admin/addEmployee.jsp</file>
            <file>file:/D:/FPT.SE/5.Summer2024.Semester5/SWP391/Project/Backup/SWP391_Project/SWP391_Project/web/view/authen/ForgotPassword.jsp</file>
            <file>file:/D:/FPT.SE/5.Summer2024.Semester5/SWP391/Project/Backup/SWP391_Project/SWP391_Project/src/java/controller/authen/confirmemailregister.java</file>
            <file>file:/D:/FPT.SE/5.Summer2024.Semester5/SWP391/Project/Backup/SWP391_Project/SWP391_Project/web/view/payment/vnpay_return.jsp</file>
            <file>file:/D:/FPT.SE/5.Summer2024.Semester5/SWP391/Project/Backup/SWP391_Project/SWP391_Project/src/java/controller/admin/ViewEmployeeList.java</file>
            <file>file:/D:/FPT.SE/5.Summer2024.Semester5/SWP391/Project/Backup/SWP391_Project/SWP391_Project/src/java/model/PatientInfo.java</file>
            <file>file:/D:/FPT.SE/5.Summer2024.Semester5/SWP391/Project/Backup/SWP391_Project/SWP391_Project/src/java/dao/ServiceDAO.java</file>
            <file>file:/D:/FPT.SE/5.Summer2024.Semester5/SWP391/Project/Backup/SWP391_Project/SWP391_Project/src/java/controller/authen/registeraccountcontroller.java</file>
            <file>file:/D:/FPT.SE/5.Summer2024.Semester5/SWP391/Project/Backup/SWP391_Project/SWP391_Project/web/view/examination/ExaminationResultList.jsp</file>
            <file>file:/D:/FPT.SE/5.Summer2024.Semester5/SWP391/Project/Backup/SWP391_Project/SWP391_Project/web/view/employee/admin/editAppointmentHistoryAdmin.jsp</file>
            <file>file:/D:/FPT.SE/5.Summer2024.Semester5/SWP391/Project/Backup/SWP391_Project/SWP391_Project/web/editPatientDetail.jsp</file>
            <file>file:/D:/FPT.SE/5.Summer2024.Semester5/SWP391/Project/Backup/SWP391_Project/SWP391_Project/web/accessDenied.jsp</file>
            <file>file:/D:/FPT.SE/5.Summer2024.Semester5/SWP391/Project/Backup/SWP391_Project/SWP391_Project/src/java/validation/Validation.java</file>
            <file>file:/D:/FPT.SE/5.Summer2024.Semester5/SWP391/Project/Backup/SWP391_Project/SWP391_Project/web/lib/owlcarousel/owl.carousel.js</file>
            <file>file:/D:/FPT.SE/5.Summer2024.Semester5/SWP391/Project/Backup/SWP391_Project/SWP391_Project/src/java/controller/examination/ExaminationResultListController.java</file>
            <file>file:/D:/FPT.SE/5.Summer2024.Semester5/SWP391/Project/Backup/SWP391_Project/SWP391_Project/src/java/controller/examination/EditExaminationResultController.java</file>
            <file>file:/D:/FPT.SE/5.Summer2024.Semester5/SWP391/Project/Backup/SWP391_Project/SWP391_Project/web/META-INF/context.xml</file>
            <file>file:/D:/FPT.SE/5.Summer2024.Semester5/SWP391/Project/Backup/SWP391_Project/SWP391_Project/src/java/controller/admin/AddEmployeeController.java</file>
            <file>file:/D:/FPT.SE/5.Summer2024.Semester5/SWP391/Project/Backup/SWP391_Project/SWP391_Project/web/view/examination/ViewExaminationResult.jsp</file>
            <file>file:/D:/FPT.SE/5.Summer2024.Semester5/SWP391/Project/Backup/SWP391_Project/SWP391_Project/web/view/employee/admin/ViewEmployeeDetails.jsp</file>
            <file>file:/D:/FPT.SE/5.Summer2024.Semester5/SWP391/Project/Backup/SWP391_Project/SWP391_Project/src/java/controller/admin/ViewBookingAppointmentHistoryAdminController.java</file>
            <file>file:/D:/FPT.SE/5.Summer2024.Semester5/SWP391/Project/Backup/SWP391_Project/SWP391_Project/src/java/controller/admin/AddPatientController.java</file>
            <file>file:/D:/FPT.SE/5.Summer2024.Semester5/SWP391/Project/Backup/SWP391_Project/SWP391_Project/src/java/dao/ExaminationDAO.java</file>
            <file>file:/D:/FPT.SE/5.Summer2024.Semester5/SWP391/Project/Backup/SWP391_Project/SWP391_Project/web/view/employee/admin/EmployeeList.jsp</file>
        </group>
    </open-files>
</project-private>
